<?xml version="1.0" encoding="UTF-8"?>
<Practitioner
    xmlns="http://hl7.org/fhir">
    <id value="practitioner-us-core-henry-seven"/>
    <meta>
        <versionId value="5"/>
        <lastUpdated value="2021-08-17T08:00:32.356+00:00"/>
        <source value="#2MfA6kIjmOmtAlIb"/>
        <profile value="http://hl7.org/fhir/us/core/StructureDefinition/us-core-practitioner"/>
    </meta>
    <identifier>
        <system value="http://hl7.org/fhir/sid/us-npi"/>
        <value value="9941339108"/>
    </identifier>
    <name>
        <family value="Henry"/>
        <given value="Seven"/>
        <suffix value="M.D."/>
    </name>
    <telecom>
        <system value="email"/>
        <value value="henry.seven@example.com"/>
    </telecom>
    <address>
        <line value="BMass Doctors"/>
        <line value="2100 North Ave"/>
        <city value="Burlington"/>
        <state value="MA"/>
        <postalCode value="02368"/>
        <country value="US"/>
    </address>
</Practitioner>