<?xml version="1.0" encoding="UTF-8"?>
<StructureDefinition
    xmlns="http://hl7.org/fhir">
    <id value="resp-net-reporting-bundle"/>
    <meta>
        <versionId value="3"/>
        <lastUpdated value="2021-08-13T05:43:12.456+00:00"/>
        <source value="#op9qv8RqccCL7zOB"/>
    </meta>
    <extension url="http://hl7.org/fhir/StructureDefinition/structuredefinition-wg">
		<valueCode value="pher"/>
	</extension>
    <url value="http://hl7.org/fhir/us/resp-net/StructureDefinition/resp-net-reporting-bundle"/>
    <version value="1.0.0"/>
    <name value="RespNetReportingBundle"/>
    <title value="RESP-NET Surveys Reporting Bundle"/>
    <status value="draft"/>
    <experimental value="false"/>
    <date value="2019-09-01"/>
    <publisher value="HL7 International / Public Health"/>
    <contact>
        <telecom>
            <system value="url"/>
            <value value="http://www.hl7.org/Special/committees/pher"/>
        </telecom>
    </contact>
    <description value="Bundle Resource profile for exchanging RESP-NET report. This bundle contains the MessageHeader resource used for routing and the RESP-NET Content Bundle specifying the content."/>
    <jurisdiction>
        <coding>
            <system value="urn:iso:std:iso:3166"/>
            <code value="US"/>
        </coding>
    </jurisdiction>
    <fhirVersion value="4.0.1"/>
    <kind value="resource"/>
    <abstract value="false"/>
    <type value="Bundle"/>
    <baseDefinition value="http://hl7.org/fhir/us/medmorph/StructureDefinition/us-ph-reporting-bundle"/>
    <derivation value="constraint"/>
    <differential>
        <element id="Bundle.entry">
            <path value="Bundle.entry"/>
            <slicing>
                <discriminator>
                    <type value="profile"/>
                    <path value="$this.resource"/>
                </discriminator>
                <rules value="open"/>
            </slicing>
            <mustSupport value="true"/>
        </element>
        <element id="Bundle.entry:sliceMessageHeader">
            <path value="Bundle.entry"/>
            <sliceName value="sliceMessageHeader"/>
            <min value="1"/>
            <max value="1"/>
            <mustSupport value="true"/>
        </element>
        <element id="Bundle.entry:sliceMessageHeader.resource">
            <path value="Bundle.entry.resource"/>
            <type>
                <code value="Resource"/>
                <profile value="http://hl7.org/fhir/us/medmorph/StructureDefinition/us-ph-messageheader"/>
            </type>
        </element>
        <element id="Bundle.entry:contentBundle">
            <path value="Bundle.entry"/>
            <sliceName value="contentBundle"/>
            <min value="1"/>
            <max value="1"/>
            <mustSupport value="true"/>
        </element>
        <element id="Bundle.entry:contentBundle.resource">
            <path value="Bundle.entry.resource"/>
            <type>
                <code value="Resource"/>
                <profile value="http://hl7.org/fhir/us/resp-net/StructureDefinition/resp-net-content-bundle"/>
            </type>
        </element>
    </differential>
</StructureDefinition>